{
 "analysis":{
   "authors":"Sergei L Kosakovsky Pond, Ben Murrell, Steven Weaver and Temple iGEM / UCSD viral evolution group",
   "citation":"Less Is More: An Adaptive Branch-Site Random Effects Model for Efficient Detection of Episodic Diversifying Selection (2015). Mol Biol Evol 32 (5): 1342-1353. v2.2 adds support for multiple-hit models",
   "contact":"spond@temple.edu",
   "info":"aBSREL (Adaptive branch-site random effects likelihood)\n                            uses an adaptive random effects branch-site model framework\n                            to test whether each branch has evolved under positive selection,\n                            using a procedure which infers an optimal number of rate categories per branch.",
   "requirements":"in-frame codon alignment and a phylogenetic tree",
   "version":"2.2"
  },
 "branch attributes":{
   "0":{
     "A_Bilthoven_6022_72":{
       "Baseline MG94xREV":0.02096506523445206,
       "Baseline MG94xREV omega ratio":6.588091120921749,
       "Corrected P-value":0.06005016416543146,
       "Full adaptive model":0.02084418120309373,
       "Full adaptive model (non-synonymous subs/site)":0.01974601359606607,
       "Full adaptive model (synonymous subs/site)":0.001098167607027649,
       "LRT":5.770011958577925,
       "Nucleotide GTR":0.02076538667291385,
       "Rate Distributions":        [
[6.835861050329168, 1] 
        ],
       "Rate classes":1,
       "Uncorrected P-value":0.02001672138847715,
       "original name":"A_Bilthoven_6022_72"
      },
     "A_Brisbane_8_96":{
       "Baseline MG94xREV":0.0353250648641148,
       "Baseline MG94xREV omega ratio":5.617293101713137,
       "Corrected P-value":0.01813746658646731,
       "Full adaptive model":0.0353212309255452,
       "Full adaptive model (non-synonymous subs/site)":0.03315858833449958,
       "Full adaptive model (synonymous subs/site)":0.002162642591045642,
       "LRT":9.489213702910092,
       "Nucleotide GTR":0.03530798706202205,
       "Rate Distributions":        [
[5.828995298351449, 1] 
        ],
       "Rate classes":1,
       "Uncorrected P-value":0.003022911097744552,
       "original name":"A_Brisbane_8_96"
      },
     "A_France_1203_94":{
       "Baseline MG94xREV":0.006925399128143665,
       "Baseline MG94xREV omega ratio":1.965124598529659,
       "Corrected P-value":0.3341844500787322,
       "Full adaptive model":0.006907359200401204,
       "Full adaptive model (non-synonymous subs/site)":0.005822732724437747,
       "Full adaptive model (synonymous subs/site)":0.001084626475963448,
       "LRT":0.477550021375464,
       "Nucleotide GTR":0.007015924565314552,
       "Rate Distributions":        [
[2.040934550689063, 1] 
        ],
       "Rate classes":1,
       "Uncorrected P-value":0.3341844500787322,
       "original name":"A_France_1203_94"
      },
     "A_Memphis_1_1971":{
       "Baseline MG94xREV":0.02063675857653799,
       "Baseline MG94xREV omega ratio":6.328085823240058,
       "Corrected P-value":0.04515623453818285,
       "Full adaptive model":0.02082194003757764,
       "Full adaptive model (non-synonymous subs/site)":0.01969451725693159,
       "Full adaptive model (synonymous subs/site)":0.001127422780646065,
       "LRT":5.534609893456036,
       "Nucleotide GTR":0.02058034300469176,
       "Rate Distributions":        [
[6.641114345383792, 1] 
        ],
       "Rate classes":1,
       "Uncorrected P-value":0.02257811726909142,
       "original name":"A_Memphis_1_1971"
      },
     "A_Spain_118_93":{
       "Baseline MG94xREV":0.02522691016114349,
       "Baseline MG94xREV omega ratio":7.973837252303958,
       "Corrected P-value":0.02858787468511453,
       "Full adaptive model":0.0252164608126996,
       "Full adaptive model (non-synonymous subs/site)":0.02411381665481321,
       "Full adaptive model (synonymous subs/site)":0.001102644157886389,
       "LRT":8.231474148315101,
       "Nucleotide GTR":0.02513006906006303,
       "Rate Distributions":        [
[8.314056996596291, 1] 
        ],
       "Rate classes":1,
       "Uncorrected P-value":0.005717574937022907,
       "original name":"A_Spain_118_93"
      },
     "A_Stockholm_4_1985":{
       "Baseline MG94xREV":0.01370322767873982,
       "Baseline MG94xREV omega ratio":10000000000,
       "Corrected P-value":0.0341638464132783,
       "Full adaptive model":0.01369615669424492,
       "Full adaptive model (non-synonymous subs/site)":0.01369615669424492,
       "Full adaptive model (synonymous subs/site)":1e-10,
       "LRT":7.44115747251908,
       "Nucleotide GTR":0.0138758343359114,
       "Rate Distributions":        [
[10000000000, 1] 
        ],
       "Rate classes":1,
       "Uncorrected P-value":0.008540961603319575,
       "original name":"A_Stockholm_4_1985"
      },
     "Node56":{
       "Baseline MG94xREV":0.1069078221973993,
       "Baseline MG94xREV omega ratio":34.76303307074361,
       "Corrected P-value":7.667616541695566e-11,
       "Full adaptive model":0.107409393077899,
       "Full adaptive model (non-synonymous subs/site)":0.1063150188873583,
       "Full adaptive model (synonymous subs/site)":0.001094374190540676,
       "LRT":48.71352535005917,
       "Nucleotide GTR":0.1032964108360364,
       "Rate Distributions":        [
[36.93271223855294, 1] 
        ],
       "Rate classes":1,
       "Uncorrected P-value":8.519573935217295e-12
      },
     "Node74":{
       "Baseline MG94xREV":0.02855063283223198,
       "Baseline MG94xREV omega ratio":10000000000,
       "Corrected P-value":0.0009163889999661556,
       "Full adaptive model":0.02861088744822909,
       "Full adaptive model (non-synonymous subs/site)":0.02861088744822909,
       "Full adaptive model (synonymous subs/site)":1e-10,
       "LRT":15.97834480110851,
       "Nucleotide GTR":0.02789158341936301,
       "Rate Distributions":        [
[10000000000, 1] 
        ],
       "Rate classes":1,
       "Uncorrected P-value":0.0001145486249957695
      },
     "Node86":{
       "Baseline MG94xREV":0.02053383521495235,
       "Baseline MG94xREV omega ratio":10000000000,
       "Corrected P-value":0.007310838926484708,
       "Full adaptive model":0.02056757413701757,
       "Full adaptive model (non-synonymous subs/site)":0.02056757413701757,
       "Full adaptive model (synonymous subs/site)":1e-10,
       "LRT":11.59194970035605,
       "Nucleotide GTR":0.02035322531519943,
       "Rate Distributions":        [
[10000000000, 1] 
        ],
       "Rate classes":1,
       "Uncorrected P-value":0.001044405560926387
      }
    },
   "attributes":{
     "Baseline MG94xREV":{
       "attribute type":"branch length",
       "display order":1
      },
     "Baseline MG94xREV omega ratio":{
       "attribute type":"branch label",
       "display order":1
      },
     "Corrected P-value":{
       "attribute type":"branch label",
       "display order":6
      },
     "Full adaptive model":{
       "attribute type":"branch length",
       "display order":2
      },
     "Full adaptive model (non-synonymous subs/site)":{
       "attribute type":"branch label",
       "display order":10
      },
     "Full adaptive model (synonymous subs/site)":{
       "attribute type":"branch label",
       "display order":9
      },
     "LRT":{
       "attribute type":"branch label",
       "display order":4
      },
     "Nucleotide GTR":{
       "attribute type":"branch length",
       "display order":0
      },
     "Rate Distributions":{
       "attribute type":"branch label",
       "display order":3
      },
     "Rate classes":{
       "attribute type":"branch label",
       "display order":2
      },
     "Uncorrected P-value":{
       "attribute type":"branch label",
       "display order":5
      },
     "original name":{
       "attribute type":"node label",
       "display order":-1
      }
    }
  },