{
 "analysis":{
   "authors":"Sergei L Kosakovsky Pond, Ben Murrell, Steven Weaver and Temple iGEM / UCSD viral evolution group",
   "citation":"Less Is More: An Adaptive Branch-Site Random Effects Model for Efficient Detection of Episodic Diversifying Selection (2015). Mol Biol Evol 32 (5): 1342-1353. v2.2 adds support for multiple-hit models",
   "contact":"spond@temple.edu",
   "info":"aBSREL (Adaptive branch-site random effects likelihood)\n                            uses an adaptive random effects branch-site model framework\n                            to test whether each branch has evolved under positive selection,\n                            using a procedure which infers an optimal number of rate categories per branch.",
   "requirements":"in-frame codon alignment and a phylogenetic tree",
   "version":"2.2"
  },
 "branch attributes":{
   "0":{
     "A_Bilthoven_6022_72":{
       "Baseline MG94xREV":0.02096422523650867,
       "Baseline MG94xREV omega ratio":6.504350499449023,
       "Corrected P-value":0.04194673645761438,
       "Full adaptive model":0.02085000178891535,
       "Full adaptive model (non-synonymous subs/site)":0.019756493170928,
       "Full adaptive model (synonymous subs/site)":0.001093508617987352,
       "LRT":5.678713573506684,
       "Nucleotide GTR":0.02078213781254341,
       "Rate Distributions":        [
[6.772315623859106, 1] 
        ],
       "Rate classes":1,
       "Uncorrected P-value":0.02097336822880719,
       "original name":"A_Bilthoven_6022_72"
      },
     "A_Brisbane_8_96":{
       "Baseline MG94xREV":0.08469791071558808,
       "Baseline MG94xREV omega ratio":14.31383187732064,
       "Corrected P-value":1.776890032889611e-07,
       "Full adaptive model":0.08517384667479011,
       "Full adaptive model (non-synonymous subs/site)":0.08305394704550802,
       "Full adaptive model (synonymous subs/site)":0.00211989962928207,
       "LRT":31.62683506752819,
       "Nucleotide GTR":0.08225035760214554,
       "Rate Distributions":        [
[14.68569550753272, 1] 
        ],
       "Rate classes":1,
       "Uncorrected P-value":4.442225082224027e-08,
       "original name":"A_Brisbane_8_96"
      },
     "A_Memphis_1_1971":{
       "Baseline MG94xREV":0.02059636799097373,
       "Baseline MG94xREV omega ratio":6.234196675721682,
       "Corrected P-value":0.02409675548373286,
       "Full adaptive model":0.02078227716653988,
       "Full adaptive model (non-synonymous subs/site)":0.01965791884885713,
       "Full adaptive model (synonymous subs/site)":0.001124358317682728,
       "LRT":5.407460773707498,
       "Nucleotide GTR":0.02052376882047374,
       "Rate Distributions":        [
[6.553636395361614, 1] 
        ],
       "Rate classes":1,
       "Uncorrected P-value":0.02409675548373286,
       "original name":"A_Memphis_1_1971"
      },
     "A_Stockholm_4_1985":{
       "Baseline MG94xREV":0.01367444750505626,
       "Baseline MG94xREV omega ratio":10000000000,
       "Corrected P-value":0.04074590352812313,
       "Full adaptive model":0.01330338010975342,
       "Full adaptive model (non-synonymous subs/site)":0.01330338010975342,
       "Full adaptive model (synonymous subs/site)":1e-10,
       "LRT":6.52978502527003,
       "Nucleotide GTR":0.01508032291374477,
       "Rate Distributions":        [
[10000000000, 1] 
        ],
       "Rate classes":1,
       "Uncorrected P-value":0.01358196784270771,
       "original name":"A_Stockholm_4_1985"
      },
     "Node56":{
       "Baseline MG94xREV":0.1066672049479405,
       "Baseline MG94xREV omega ratio":33.85850911086141,
       "Corrected P-value":9.030443059998561e-11,
       "Full adaptive model":0.1074422238392576,
       "Full adaptive model (non-synonymous subs/site)":0.1063379457229238,
       "Full adaptive model (synonymous subs/site)":0.001104278116333798,
       "LRT":47.21285139397514,
       "Nucleotide GTR":0.1021389400191104,
       "Rate Distributions":        [
[36.09602194715986, 1] 
        ],
       "Rate classes":1,
       "Uncorrected P-value":1.806088611999712e-11
      }
    },
   "attributes":{
     "Baseline MG94xREV":{
       "attribute type":"branch length",
       "display order":1
      },
     "Baseline MG94xREV omega ratio":{
       "attribute type":"branch label",
       "display order":1
      },
     "Corrected P-value":{
       "attribute type":"branch label",
       "display order":6
      },
     "Full adaptive model":{
       "attribute type":"branch length",
       "display order":2
      },
     "Full adaptive model (non-synonymous subs/site)":{
       "attribute type":"branch label",
       "display order":10
      },
     "Full adaptive model (synonymous subs/site)":{
       "attribute type":"branch label",
       "display order":9
      },
     "LRT":{
       "attribute type":"branch label",
       "display order":4
      },
     "Nucleotide GTR":{
       "attribute type":"branch length",
       "display order":0
      },
     "Rate Distributions":{
       "attribute type":"branch label",
       "display order":3
      },
     "Rate classes":{
       "attribute type":"branch label",
       "display order":2
      },
     "Uncorrected P-value":{
       "attribute type":"branch label",
       "display order":5
      },
     "original name":{
       "attribute type":"node label",
       "display order":-1
      }
    }
  },
 "data partitions":{
   "0":{
     "coverage":      [
[0, 1, 2, 3, 4, 5, 6, 7, 8, 9, 10, 11, 12, 13, 14, 15, 16, 17, 18, 19, 20, 21, 22, 23, 24, 25, 26, 27, 28, 29, 30, 31, 32, 33, 34, 35, 36, 37, 38, 39, 40, 41, 42, 43, 44, 45, 46, 47, 48, 49, 50, 51, 52, 53, 54, 55, 56, 57, 58, 59, 60, 61, 62, 63, 64, 65, 66, 67, 68, 69, 70, 71, 72, 73, 74, 75, 76, 77, 78, 79, 80, 81, 82, 83, 84, 85, 86, 87, 88, 89, 90, 91, 92, 93, 94, 95, 96, 97, 98, 99, 100, 101, 102, 103, 104, 105, 106, 107, 108, 109, 110, 111, 112, 113, 114, 115, 116, 117, 118, 119, 120, 121, 122, 123, 124, 125, 126, 127, 128, 129, 130, 131, 132, 133, 134, 135, 136, 137, 138, 139, 140, 141, 142, 143, 144, 145, 146, 147, 148, 149, 150, 151, 152, 153, 154, 155, 156, 157, 158, 159, 160, 161, 162, 163, 164, 165, 166, 167, 168, 169, 170, 171, 172, 173, 174, 175, 176, 177, 178, 179, 180, 181, 182, 183, 184, 185, 186, 187, 188, 189, 190, 191, 192, 193, 194, 195, 196, 197, 198, 199, 200, 201, 202, 203, 204, 205, 206, 207, 208, 209, 210, 211, 212, 213, 214, 215, 216, 217, 218, 219, 220, 221, 222, 223, 224, 225, 226, 227, 228, 229, 230, 231, 232, 233, 234, 235, 236, 237, 238, 239, 240, 241, 242, 243, 244, 245, 246, 247, 248, 249, 250, 251, 252, 253, 254, 255, 256, 257, 258, 259, 260, 261, 262, 263, 264, 265, 266, 267, 268, 269, 270, 271, 272, 273, 274, 275, 276, 277, 278, 279, 280, 281, 282, 283, 284, 285, 286, 287, 288, 289, 290, 291, 292, 293, 294, 295, 296, 297, 298, 299] 
      ],
     "name":"absrel.filter.default"
    }
  },
 "fits":{
   "Baseline MG94xREV":{
     "AIC-c":4324.562512916985,