{
 "analysis":{
   "authors":"Sergei L Kosakovsky Pond, Ben Murrell, Steven Weaver and Temple iGEM / UCSD viral evolution group",
   "citation":"Less Is More: An Adaptive Branch-Site Random Effects Model for Efficient Detection of Episodic Diversifying Selection (2015). Mol Biol Evol 32 (5): 1342-1353. v2.2 adds support for multiple-hit models",
   "contact":"spond@temple.edu",
   "info":"aBSREL (Adaptive branch-site random effects likelihood)\n                            uses an adaptive random effects branch-site model framework\n                            to test whether each branch has evolved under positive selection,\n                            using a procedure which infers an optimal number of rate categories per branch.",
   "requirements":"in-frame codon alignment and a phylogenetic tree",
   "version":"2.2"
  },
 "branch attributes":{
   "0":{
     "A_Bilthoven_6022_72":{
       "Baseline MG94xREV":0.02092899711714552,
       "Baseline MG94xREV omega ratio":6.599507062645911,
       "Corrected P-value":0.03974780563274549,
       "Full adaptive model":0.02080231641946174,
       "Full adaptive model (non-synonymous subs/site)":0.01970727715327156,
       "Full adaptive model (synonymous subs/site)":0.00109503926619019,
       "LRT":5.784018476962956,
       "Nucleotide GTR":0.02073969092165086,
       "Rate Distributions":        [
[6.857712824607513, 1] 
        ],
       "Rate classes":1,
       "Uncorrected P-value":0.01987390281637275,
       "original name":"A_Bilthoven_6022_72"
      },
     "A_Brisbane_8_96":{
       "Baseline MG94xREV":0.05542755369396907,
       "Baseline MG94xREV omega ratio":9.103833641672352,
       "Corrected P-value":0.0001725996110611971,
       "Full adaptive model":0.05552479727812917,
       "Full adaptive model (non-synonymous subs/site)":0.05336524168322498,
       "Full adaptive model (synonymous subs/site)":0.00215955559490414,
       "LRT":18.72629522761963,
       "Nucleotide GTR":0.05488003184892928,
       "Rate Distributions":        [
[9.416216913977442, 1] 
        ],
       "Rate classes":1,
       "Uncorrected P-value":2.876660184353286e-05,
       "original name":"A_Brisbane_8_96"
      },
     "A_Memphis_1_1971":{
       "Baseline MG94xREV":0.0206937316761204,
       "Baseline MG94xREV omega ratio":6.358522654912404,
       "Corrected P-value":0.02192889153323785,
       "Full adaptive model":0.02088979962094374,
       "Full adaptive model (non-synonymous subs/site)":0.01976415534121432,
       "Full adaptive model (synonymous subs/site)":0.001125644279729411,
       "LRT":5.591624059009519,
       "Nucleotide GTR":0.02063540399143993,
       "Rate Distributions":        [
[6.690513520244679, 1] 
        ],
       "Rate classes":1,
       "Uncorrected P-value":0.02192889153323785,
       "original name":"A_Memphis_1_1971"
      },
     "A_Spain_118_93":{
       "Baseline MG94xREV":0.02567118665234367,
       "Baseline MG94xREV omega ratio":8.136108389220874,
       "Corrected P-value":0.02251065392022755,
       "Full adaptive model":0.02552931352614661,
       "Full adaptive model (non-synonymous subs/site)":0.02442784962165132,
       "Full adaptive model (synonymous subs/site)":0.001101463904495277,
       "LRT":8.262717141196845,
       "Nucleotide GTR":0.02572328613645545,
       "Rate Distributions":        [
[8.450790410364442, 1] 
        ],
       "Rate classes":1,
       "Uncorrected P-value":0.005627663480056888,
       "original name":"A_Spain_118_93"
      },
     "A_Stockholm_4_1985":{
       "Baseline MG94xREV":0.01419576499528267,
       "Baseline MG94xREV omega ratio":10000000000,
       "Corrected P-value":0.02254464821529295,
       "Full adaptive model":0.01411101160407429,
       "Full adaptive model (non-synonymous subs/site)":0.01411101160407429,
       "Full adaptive model (synonymous subs/site)":1e-10,
       "LRT":7.693033834669222,
       "Nucleotide GTR":0.01442388714078648,
       "Rate Distributions":        [
[10000000000, 1] 
        ],
       "Rate classes":1,
       "Uncorrected P-value":0.007514882738430984,
       "original name":"A_Stockholm_4_1985"
      },
     "Node56":{
       "Baseline MG94xREV":0.1061300443316917,
       "Baseline MG94xREV omega ratio":34.54951655588829,
       "Corrected P-value":6.770001226286126e-11,
       "Full adaptive model":0.1067520889768193,
       "Full adaptive model (non-synonymous subs/site)":0.1056579709347317,
       "Full adaptive model (synonymous subs/site)":0.001094118042087616,
       "LRT":48.46023097075977,
       "Nucleotide GTR":0.1024856982353732,
       "Rate Distributions":        [
[36.79768092167024, 1] 
        ],
       "Rate classes":1,
       "Uncorrected P-value":9.671430323265895e-12
      },
     "Node74":{
       "Baseline MG94xREV":0.0287938205647241,
       "Baseline MG94xREV omega ratio":10000000000,
       "Corrected P-value":0.0005523456958167472,
       "Full adaptive model":0.02907605935850744,
       "Full adaptive model (non-synonymous subs/site)":0.02907605935850744,
       "Full adaptive model (synonymous subs/site)":1e-10,
       "LRT":16.0504172549945,
       "Nucleotide GTR":0.02796659482385856,
       "Rate Distributions":        [
[10000000000, 1] 
        ],
       "Rate classes":1,
       "Uncorrected P-value":0.0001104691391633494
      }
    },
   "attributes":{
     "Baseline MG94xREV":{
       "attribute type":"branch length",
       "display order":1
      },
     "Baseline MG94xREV omega ratio":{
       "attribute type":"branch label",
       "display order":1
      },
     "Corrected P-value":{
       "attribute type":"branch label",
       "display order":6
      },
     "Full adaptive model":{
       "attribute type":"branch length",
       "display order":2
      },
     "Full adaptive model (non-synonymous subs/site)":{
       "attribute type":"branch label",
       "display order":10
      },
     "Full adaptive model (synonymous subs/site)":{
       "attribute type":"branch label",
       "display order":9
      },
     "LRT":{
       "attribute type":"branch label",
       "display order":4
      },
     "Nucleotide GTR":{
       "attribute type":"branch length",
       "display order":0
      },
     "Rate Distributions":{
       "attribute type":"branch label",
       "display order":3
      },
     "Rate classes":{
       "attribute type":"branch label",
       "display order":2
      },
     "Uncorrected P-value":{
       "attribute type":"branch label",
       "display order":5
      },
     "original name":{
       "attribute type":"node label",
       "display order":-1
      }
    }
  },